Workbook
Name Slicer_Category: #N/A

Sheet Sheet1
A3: Sum of NetRevenue | B3: Column Labels
A4: Row Labels | B4: Jan | C4: Feb | D4: Mar | E4: Apr | F4: Grand Total
A5: Aarav Shah | D5: 30712 | F5: 30712
A6: Karan Mehta | B6: 47357.5 | F6: 47357.5
A7: Priya Reddy | B7: 41880 | E7: 58396 | F7: 100276
A8: Rohit Kumar | C8: 63000 | F8: 63000
A9: Sneha Iyer | D9: 47840 | E9: 35986 | F9: 83826
A10: Grand Total | B10: 89237.5 | C10: 63000 | D10: 78552 | E10: 94382 | F10: 325171.5

Sheet Store Sales Data
A1: OrderID | B1: SalesPerson | C1: Category | D1: Region | E1: Month | F1: Units | G1: UnitPrice | H1: Discount% | I1: CustomerRating | J1: DeliveryDays | K1: Returned | L1: GrossRevenue | M1: DiscountAmt | N1: NetRevenue | O1: PerformanceTag | P1: RatingGrade | Q1: Return or not
A2: ORD001 | B2: Aarav Shah | C2: Electronics | D2: North | E2: Jan | F2: 12 | G2: 45000 | H2: 5 | I2: 4.5 | J2: 3 | K2: No | L2: =F2*G2 -> 540000 | M2: =G2*H2/100 -> 2250 | N2: =L2-M2 -> 537750 | O2: =IF(N2>500000,"High",IF(N2>200000,"Medium","Low")) -> High | P2: =IF(I2>4.5,"Excellent",IF(I2>3.5,"Good","Poor")) -> Good | Q2: =IF(K2="Yes","Returned","Kept") -> Kept
A3: ORD002 | B3: Priya Reddy | C3: Clothing | D3: South | E3: Jan | F3: 35 | G3: 1200 | H3: 10 | I3: 3.8 | J3: 5 | K3: No | L3: =F3*G3 -> 42000 | M3: =G3*H3/100 -> 120 | N3: =L3-M3 -> 41880 | O3: =IF(N3>500000,"High",IF(N3>200000,"Medium","Low")) -> Low | P3: =IF(I3>4.5,"Excellent",IF(I3>3.5,"Good","Poor")) -> Good | Q3: =IF(K3="Yes","Returned","Kept") -> Kept
A4: ORD003 | B4: Rohit Kumar | C4: Electronics | D4: East | E4: Jan | F4: 8 | G4: 62000 | H4: 0 | I4: 4.8 | J4: 2 | K4: No | L4: =F4*G4 -> 496000 | M4: =G4*H4/100 -> 0 | N4: =L4-M4 -> 496000 | O4: =IF(N4>500000,"High",IF(N4>200000,"Medium","Low")) -> Medium | P4: =IF(I4>4.5,"Excellent",IF(I4>3.5,"Good","Poor")) -> Excellent | Q4: =IF(K4="Yes","Returned","Kept") -> Kept
A5: ORD004 | B5: Sneha Iyer | C5: Furniture | D5: West | E5: Jan | F5: 5 | G5: 18000 | H5: 8 | I5: 4.1 | J5: 7 | K5: Yes | L5: =F5*G5 -> 90000 | M5: =G5*H5/100 -> 1440 | N5: =L5-M5 -> 88560 | O5: =IF(N5>500000,"High",IF(N5>200000,"Medium","Low")) -> Low | P5: =IF(I5>4.5,"Excellent",IF(I5>3.5,"Good","Poor")) -> Good | Q5: =IF(K5="Yes","Returned","Kept") -> Returned
A6: ORD005 | B6: Karan Mehta | C6: Clothing | D6: North | E6: Jan | F6: 50 | G6: 950 | H6: 15 | I6: 3.5 | J6: 4 | K6: No | L6: =F6*G6 -> 47500 | M6: =G6*H6/100 -> 142.5 | N6: =L6-M6 -> 47357.5 | O6: =IF(N6>500000,"High",IF(N6>200000,"Medium","Low")) -> Low | P6: =IF(I6>4.5,"Excellent",IF(I6>3.5,"Good","Poor")) -> Poor | Q6: =IF(K6="Yes","Returned","Kept") -> Kept
A7: ORD006 | B7: Priya Reddy | C7: Electronics | D7: South | E7: Feb | F7: 15 | G7: 38000 | H7: 5 | I7: 4.6 | J7: 3 | K7: No | L7: =F7*G7 -> 570000 | M7: =G7*H7/100 -> 1900 | N7: =L7-M7 -> 568100 | O7: =IF(N7>500000,"High",IF(N7>200000,"Medium","Low")) -> High | P7: =IF(I7>4.5,"Excellent",IF(I7>3.5,"Good","Poor")) -> Excellent | Q7: =IF(K7="Yes","Returned","Kept") -> Kept
A8: ORD007 | B8: Aarav Shah | C8: Furniture | D8: East | E8: Feb | F8: 3 | G8: 25000 | H8: 10 | I8: 3.9 | J8: 8 | K8: No | L8: =F8*G8 -> 75000 | M8: =G8*H8/100 -> 2500 | N8: =L8-M8 -> 72500 | O8: =IF(N8>500000,"High",IF(N8>200000,"Medium","Low")) -> Low | P8: =IF(I8>4.5,"Excellent",IF(I8>3.5,"Good","Poor")) -> Good | Q8: =IF(K8="Yes","Returned","Kept") -> Kept
A9: ORD008 | B9: Rohit Kumar | C9: Clothing | D9: West | E9: Feb | F9: 42 | G9: 1500 | H9: 0 | I9: 4.2 | J9: 4 | K9: Yes | L9: =F9*G9 -> 63000 | M9: =G9*H9/100 -> 0 | N9: =L9-M9 -> 63000 | O9: =IF(N9>500000,"High",IF(N9>200000,"Medium","Low")) -> Low | P9: =IF(I9>4.5,"Excellent",IF(I9>3.5,"Good","Poor")) -> Good | Q9: =IF(K9="Yes","Returned","Kept") -> Returned
A10: ORD009 | B10: Sneha Iyer | C10: Electronics | D10: North | E10: Feb | F10: 20 | G10: 52000 | H10: 5 | I10: 4.7 | J10: 2 | K10: No | L10: =F10*G10 -> 1040000 | M10: =G10*H10/100 -> 2600 | N10: =L10-M10 -> 1037400 | O10: =IF(N10>500000,"High",IF(N10>200000,"Medium","Low")) -> High | P10: =IF(I10>4.5,"Excellent",IF(I10>3.5,"Good","Poor")) -> Excellent | Q10: =IF(K10="Yes","Returned","Kept") -> Kept
A11: ORD010 | B11: Karan Mehta | C11: Furniture | D11: South | E11: Feb | F11: 7 | G11: 22000 | H11: 12 | I11: 3.6 | J11: 6 | K11: No | L11: =F11*G11 -> 154000 | M11: =G11*H11/100 -> 2640 | N11: =L11-M11 -> 151360 | O11: =IF(N11>500000,"High",IF(N11>200000,"Medium","Low")) -> Low | P11: =IF(I11>4.5,"Excellent",IF(I11>3.5,"Good","Poor")) -> Good | Q11: =IF(K11="Yes","Returned","Kept") -> Kept
A12: ORD011 | B12: Aarav Shah | C12: Clothing | D12: East | E12: Mar | F12: 28 | G12: 1100 | H12: 8 | I12: 4 | J12: 5 | K12: No | L12: =F12*G12 -> 30800 | M12: =G12*H12/100 -> 88 | N12: =L12-M12 -> 30712 | O12: =IF(N12>500000,"High",IF(N12>200000,"Medium","Low")) -> Low | P12: =IF(I12>4.5,"Excellent",IF(I12>3.5,"Good","Poor")) -> Good | Q12: =IF(K12="Yes","Returned","Kept") -> Kept
A13: ORD012 | B13: Priya Reddy | C13: Furniture | D13: West | E13: Mar | F13: 4 | G13: 30000 | H13: 0 | I13: 4.4 | J13: 9 | K13: Yes | L13: =F13*G13 -> 120000 | M13: =G13*H13/100 -> 0 | N13: =L13-M13 -> 120000 | O13: =IF(N13>500000,"High",IF(N13>200000,"Medium","Low")) -> Low | P13: =IF(I13>4.5,"Excellent",IF(I13>3.5,"Good","Poor")) -> Good | Q13: =IF(K13="Yes","Returned","Kept") -> Returned
... A21: ORD020 | B21: Karan Mehta | C21: Electronics | D21: West | E21: Apr | F21: 14 | G21: 55000 | H21: 0 | I21: 4.7 | J21: 2 | K21: No | L21: =F21*G21 -> 770000 | M21: =G21*H21/100 -> 0 | N21: =L21-M21 -> 770000 | O21: =IF(N21>500000,"High",IF(N21>200000,"Medium","Low")) -> High | P21: =IF(I21>4.5,"Excellent",IF(I21>3.5,"Good","Poor")) -> Excellent | Q21: =IF(K21="Yes","Returned","Kept") -> Kept
I32: SUM | J32: =_xlfn.AGGREGATE(9,0,L2:L21) -> 5938900
D33: SUM | E33: =SUBTOTAL(9,N2:N21) -> 5918791.5
I35: AVG | J35: =_xlfn.AGGREGATE(1,5,L2:L21) -> 296945
D36: AVG | E36: =SUBTOTAL(1,N2:N21) -> 295939.58
I38: MIN | J38: =_xlfn.AGGREGATE(4,5,L2:L21) -> 1040000
D39: MIN | E39: =SUBTOTAL(4,N2:N21) -> 1037400
I41: MAX | J41: =_xlfn.AGGREGATE(5,5,L2:L21) -> 30800
D42: MAX | E42: =SUBTOTAL(5,N2:N21) -> 30712
D45: COUNT | E45: =SUBTOTAL(2,J2:J21) -> 20

Sheet Summary & Subtotal
A1: 📊 Summary Dashboard — SUBTOTAL & AGGREGATE Practice
A3: SUBTOTAL Function Numbers
A4: Function# | B4: Ignores Hidden Rows? | C4: What it does | D4: Example
A5: 1 / 101 | B5: 101 ignores hidden | C5: AVERAGE | D5: =SUBTOTAL(1, range) -> #NAME?
A6: 2 / 102 | B6: 102 ignores hidden | C6: COUNT | D6: =SUBTOTAL(2, range) -> #NAME?
A7: 3 / 103 | B7: 103 ignores hidden | C7: COUNTA | D7: =SUBTOTAL(3, range) -> #NAME?
A8: 4 / 104 | B8: 104 ignores hidden | C8: MAX | D8: =SUBTOTAL(4, range) -> #NAME?
A9: 5 / 105 | B9: 105 ignores hidden | C9: MIN | D9: =SUBTOTAL(5, range) -> #NAME?
A10: 6 / 106 | B10: 106 ignores hidden | C10: PRODUCT | D10: =SUBTOTAL(6, range) -> #NAME?
A11: 9 / 109 | B11: 109 ignores hidden | C11: SUM | D11: =SUBTOTAL(9, range) -> #NAME?
A12: 11 / 111 | B12: 111 ignores hidden | C12: VAR | D12: =SUBTOTAL(11, range) -> #NAME?
A14: 📝 Practice Area — Apply SUBTOTAL formulas below (referencing Store Sales Data sheet)
A15: Task | B15: Formula to write | C15: Your Answer (type here) | D15: Expected Result
A16: Sum of all NetRevenue (col N) using SUBTOTAL | B16: =SUBTOTAL(9,'Store Sales Data'!N2:N21) -> 5918791.5
A17: Count of orders using SUBTOTAL (ignores hidden) | B17: =SUBTOTAL(103,'Store Sales Data'!A2:A21) -> 20
A18: Average CustomerRating using SUBTOTAL | B18: =SUBTOTAL(1,'Store Sales Data'!I2:I21) -> 4.17
A19: MAX NetRevenue using SUBTOTAL | B19: =SUBTOTAL(4,'Store Sales Data'!N2:N21) -> 1037400
A20: MIN DeliveryDays using SUBTOTAL | B20: =SUBTOTAL(5,'Store Sales Data'!J2:J21) -> 1
A23: AGGREGATE Function — Similar to SUBTOTAL but with more options
A24: AGGREGATE Syntax | B24: =_xludf.AGGREGATE(function_num, options, array) -> #NAME?
A25: Options 0-7 | B25: 0=include all 1=ignore hidden 5=ignore errors 7=ignore hidden+errors
A26: Example | B26: =_xludf.AGGREGATE(9,5,N2:N21) → SUM ignoring errors -> #NAME?
A27: Example | B27: =_xludf.AGGREGATE(1,7,I2:I21) → AVERAGE ignoring hidden rows AND errors -> #NAME?
A28: Key difference vs SUBTOTAL | B28: AGGREGATE can ignore ERROR cells too — SUBTOTAL cannot!

Sheet Conditional Formatting
A1: 🎨 Conditional Formatting — Practice Sheet
A2: SalesPerson | B2: Jan_Sales | C2: Feb_Sales | D2: Mar_Sales | E2: Total | F2: Rating | G2: Status
A3: Aarav Shah | B3: 540000 | C3: 480000 | D3: 610000 | E3: =SUM(B3:D3) -> 1630000 | F3: 4.5 | G3: Active
A4: Priya Reddy | B4: 420000 | C4: 390000 | D4: 280000 | E4: =SUM(B4:D4) -> 1090000 | F4: 3.8 | G4: Active
A5: Rohit Kumar | B5: 850000 | C5: 910000 | D5: 780000 | E5: =SUM(B5:D5) -> 2540000 | F5: 4.8 | G5: Active
A6: Sneha Iyer | B6: 440000 | C6: 470000 | D6: 510000 | E6: =SUM(B6:D6) -> 1420000 | F6: 4.1 | G6: Active
A7: Karan Mehta | B7: 920000 | C7: 880000 | D7: 950000 | E7: =SUM(B7:D7) -> 2750000 | F7: 4.7 | G7: Active
A8: Divya Nair | B8: 670000 | C8: 320000 | D8: 690000 | E8: =SUM(B8:D8) -> 1680000 | F8: 3.2 | G8: Inactive
A9: Arjun Patel | B9: 250000 | C9: 270000 | D9: 240000 | E9: =SUM(B9:D9) -> 760000 | F9: 2.9 | G9: Inactive
A10: Meera Joshi | B10: 110000 | C10: 105000 | D10: 980000 | E10: =SUM(B10:D10) -> 1195000 | F10: 4.9 | G10: Active
A12: 📋 Conditional Formatting Tasks — Apply these to the table above
A13: # | B13: Task Description | C13: How to do it
A14: 1 | B14: The Jan/Feb/Mar columns already have a Color Scale (green=high, red=low). Observe how it works, then remove and re-apply it yourself. | C14: Select B3:D10 → Home → Conditional Formatting → Color Scales
A15: 2 | B15: Apply Data Bars to the Total column (E) to visually compare totals. | C15: Select E3:E10 → Conditional Formatting → Data Bars
A16: 3 | B16: Highlight any Rating (col F) below 3.5 in RED bold text. | C16: Select F3:F10 → CF → Highlight Cell Rules → Less Than → 3.5
A17: 4 | B17: Use a formula rule to highlight the entire row grey+italic when Status = 'Inactive'. | C17: Select A3:G10 → CF → New Rule → Use formula → =$G3="Inactive"
A18: 5 | B18: Apply Icon Sets to the Rating column (F) — 3 icons (green/yellow/red). | C18: Select F3:F10 → CF → Icon Sets → 3 Traffic Lights
A19: 6 | B19: Highlight the TOP 3 Total values in green. | C19: Select E3:E10 → CF → Top/Bottom Rules → Top 10 Items → change to 3
A20: 7 | B20: Add a rule: if Total > 2000000 → fill cell BLUE. | C20: Select E3:E10 → CF → New Rule → Greater Than → 2000000
A21: 8 | B21: Manage all rules: go to CF → Manage Rules and delete/edit any rule. | C21: Home → Conditional Formatting → Manage Rules

Sheet Pivot Table Tasks
A1: 🔄 Pivot Table — Step-by-Step Practice
A3: 📌 What is a Pivot Table?
A4: A Pivot Table summarises large datasets into a compact table — showing totals, averages, counts grouped by categories. No formulas needed!
A6: 🛠️ How to Create a Pivot Table
A7: Step 1 → Click anywhere inside the 'Store Sales Data' table
A8: Step 2 → Go to Insert tab → click PivotTable
A9: Step 3 → Choose 'New Worksheet' → click OK
A10: Step 4 → A new sheet opens with the PivotTable Field List on the right
A11: Step 5 → Drag fields into the 4 areas: Filters, Columns, Rows, Values
A12: Step 6 → Your pivot table builds automatically!
A14: 📋 Pivot Table Tasks — Create each of these pivot tables from 'Store Sales Data'
A15: # | B15: Task | C15: Rows area | D15: Values area | E15: What you'll see
A16: 1 | B16: Total NetRevenue by SalesPerson | C16: SalesPerson | D16: Sum of NetRevenue | E16: Which salesperson earned the most
A17: 2 | B17: Count of orders by Category | C17: Category | D17: Count of OrderID | E17: How many orders per product category
A18: 3 | B18: Average CustomerRating by Region | C18: Region | D18: Average of CustomerRating | E18: Which region has happiest customers
A19: 4 | B19: Total Units sold by Month | C19: Month | D19: Sum of Units | E19: Which month had highest sales volume
A20: 5 | B20: NetRevenue by Category AND Region (add Region to Columns) | C20: Category | D20: Sum of NetRevenue + Region in Columns | E20: A cross-tab of category vs region
A21: 6 | B21: Filter the pivot by 'Returned = No' using the Filters area | C21: SalesPerson | D21: Sum of NetRevenue | E21: Revenue from non-returned orders only
A22: 7 | B22: Sort the pivot table by NetRevenue descending | C22: Any | D22: Sum of NetRevenue | E22: Highest earner at the top
A23: 8 | B23: Change Value Field from SUM to AVERAGE for NetRevenue | C23: SalesPerson | D23: Average of NetRevenue | E23: Right-click value → Value Field Settings → Average
A24: 9 | B24: Add a Slicer for 'Category' column | C24: Any pivot | D24: Right-click pivot → Insert Slicer | E24: Visual filter buttons appear
A25: 10 | B25: Insert a Pivot Chart from your pivot table | C25: Any pivot | D25: PivotTable Analyze tab → PivotChart | E25: Chart linked to pivot

Sheet 📋 All Tasks
A1: ✅ Excel Practice 2 — All Tasks Checklist
A2: Work in the respective sheets. Tick ☐ → ✅ as you complete each task. Ask for help only if truly stuck!
A3: 📁 SECTION 1 — Computed Columns (work in: Store Sales Data sheet)
A4: 1. Add 'GrossRevenue' in col L = Units × UnitPrice | B4: 💡 =F2*G2 | C4: ☐
A5: 2. Add 'DiscountAmt' in col M = GrossRevenue × Discount% / 100 | B5: 💡 =L2*H2/100 | C5: ☐
A6: 3. Add 'NetRevenue' in col N = GrossRevenue − DiscountAmt | B6: 💡 =L2-M2 | C6: ☐
A7: 4. Add 'PerformanceTag' in col O using IF: NetRevenue > 500000 → 'High' | > 200000 → 'Medium' | else → 'Low' | B7: 💡 =IFS(N2>500000,"High",N2>200000,"Medium",TRUE,"Low") | C7: ☐
A8: 5. Add 'RatingGrade' in col P using IF: Rating ≥ 4.5 → 'Excellent' | ≥ 3.5 → 'Good' | else → 'Poor' | B8: 💡 =IF(I2>=4.5,"Excellent",IF(I2>=3.5,"Good","Poor")) | C8: ☐
A9: 6. In col Q, label Returned orders: IF Returned = 'Yes' → 'Returned' else 'Kept' | B9: 💡 =IF(K2="Yes","Returned","Kept") | C9: ☐
A10: 📊 SECTION 2 — SUBTOTAL (work in: Summary & Subtotal sheet)
A11: 7. Use SUBTOTAL(9,...) to SUM all NetRevenue | B11: 💡 =SUBTOTAL(9,'Store Sales Data'!N2:N21) | C11: ☐
A12: 8. Use SUBTOTAL(103,...) to COUNT non-empty OrderIDs | B12: 💡 =SUBTOTAL(103,'Store Sales Data'!A2:A21) | C12: ☐
A13: 9. Use SUBTOTAL(1,...) to find AVERAGE CustomerRating | B13: 💡 =SUBTOTAL(1,'Store Sales Data'!I2:I21) | C13: ☐
A14: 10. Use SUBTOTAL(4,...) for MAX NetRevenue and SUBTOTAL(5,...) for MIN DeliveryDays | B14: 💡 Two separate formulas | C14: ☐
A15: 11. Go to Store Sales Data → apply a Filter (Ctrl+Shift+L) → filter Category = 'Electronics' Now check: does your SUBTOTAL sum change? (it should — that's the power of SUBTOTAL!) | B15: 💡 Filter → observe SUBTOTAL updating | C15: ☐
A16: ⚙️ SECTION 3 — AGGREGATE (work in: Summary & Subtotal sheet)
A17: 12. Use AGGREGATE(9,5,...) to SUM NetRevenue ignoring any errors | B17: 💡 =AGGREGATE(9,5,'Store Sales Data'!N2:N21) | C17: ☐
A18: 13. Use AGGREGATE(1,7,...) to AVERAGE CustomerRating ignoring hidden rows AND errors | B18: 💡 =AGGREGATE(1,7,'Store Sales Data'!I2:I21) | C18: ☐
A19: 14. Use AGGREGATE(14,6,NetRevenue,1) to find the LARGEST value (rank 1) — function 14 = LARGE | B19: 💡 =AGGREGATE(14,6,'Store Sales Data'!N2:N21,1) | C19: ☐
A20: 🎨 SECTION 4 — Conditional Formatting (work in: Conditional Formatting sheet)
A21: 15. Remove the existing Color Scale on B3:D10 then re-apply it yourself | B21: 💡 CF → Manage Rules → Delete → re-add Color Scale | C21: ☐
A22: 16. Apply Data Bars to the Total column (E3:E10) | B22: 💡 CF → Data Bars → choose any colour | C22: ☐
A23: 17. Highlight Rating (F3:F10) below 3.5 in RED bold | B23: 💡 CF → Highlight Cell Rules → Less Than | C23: ☐
A24: 18. Apply Icon Set (3 traffic lights) to Rating column (F3:F10) | B24: 💡 CF → Icon Sets → 3 Traffic Lights | C24: ☐
A25: 19. Highlight TOP 3 Total values in green | B25: 💡 CF → Top/Bottom Rules → Top 10 Items → set to 3 | C25: ☐
A26: 20. Formula rule: highlight entire row grey if Status = 'Inactive' Formula: =$G3="Inactive" applied to range A3:G10 | B26: 💡 CF → New Rule → Use formula | C26: ☐
A27: 🔄 SECTION 5 — Pivot Tables (create in new sheets)
A28: 21. Create Pivot 1: Total NetRevenue grouped by SalesPerson | B28: 💡 Rows=SalesPerson, Values=Sum NetRevenue | C28: ☐
A29: 22. Create Pivot 2: Count of Orders by Category | B29: 💡 Rows=Category, Values=Count OrderID | C29: ☐
A30: 23. Create Pivot 3: Average CustomerRating by Region | B30: 💡 Rows=Region, Values=Average Rating | C30: ☐
A31: 24. Create Pivot 4: Cross-tab — NetRevenue by Category (rows) vs Region (columns) | B31: 💡 Rows=Category, Columns=Region, Values=Sum NetRevenue | C31: ☐
A32: 25. On any pivot: add a Slicer for the Category field | B32: 💡 PivotTable Analyze → Insert Slicer | C32: ☐
A33: 26. On any pivot: change SUM to AVERAGE in Value Field Settings | B33: 💡 Right-click value → Value Field Settings → Average | C33: ☐
A34: 27. On any pivot: Sort by NetRevenue descending | B34: 💡 Click dropdown on row label → Sort Largest to Smallest | C34: ☐
A35: 28. Insert a PivotChart (bar chart) from your Pivot 1 | B35: 💡 PivotTable Analyze tab → PivotChart → Bar | C35: ☐
A36: 🏆 BONUS CHALLENGES
A37: 29. COUNTIFS: Count orders where Category='Electronics' AND Region='North' | B37: 💡 =COUNTIFS(C:C,"Electronics",D:D,"North") | C37: ☐
A38: 30. SUMIFS: Sum NetRevenue where SalesPerson='Rohit Kumar' AND Month='Mar' | B38: 💡 =SUMIFS(N:N,B:B,"Rohit Kumar",E:E,"Mar") | C38: ☐
